{"cameraMode":{"drawMode":0,"name":"Shaded","section":"Shading Mode"},"sceneLighting":true,"audioPlay":false,"sceneViewState":{"showFog":true,"showMaterialUpdate":false,"showSkybox":true,"showFlares":true,"showImageEffects":true,"showParticleSystems":true},"in2DMode":false,"pivot":{"x":-1.1149632930755616,"y":3.8101353645324709,"z":3.685396909713745},"rotation":{"x":-0.2979668974876404,"y":0.62479168176651,"z":-0.3035413920879364,"w":-0.6575592756271362},"size":34.377593994140628,"orthographic":false}