{"cameraMode":{"drawMode":0,"name":"Shaded","section":"Shading Mode"},"sceneLighting":true,"audioPlay":false,"sceneViewState":{"showFog":true,"showMaterialUpdate":false,"showSkybox":true,"showFlares":true,"showImageEffects":true,"showParticleSystems":true},"in2DMode":false,"pivot":{"x":23.925151824951173,"y":5.300131797790527,"z":46.56306457519531},"rotation":{"x":-0.31362664699554446,"y":0.24606618285179139,"z":-0.10032474249601364,"w":-0.9130625128746033},"size":70.2529525756836,"orthographic":false}