{"cameraMode":{"drawMode":0,"name":"Shaded","section":"Shading Mode"},"sceneLighting":true,"audioPlay":false,"sceneViewState":{"showFog":true,"showMaterialUpdate":false,"showSkybox":true,"showFlares":true,"showImageEffects":true,"showParticleSystems":true},"in2DMode":false,"pivot":{"x":9.246615409851075,"y":-11.002847671508789,"z":3.742203712463379},"rotation":{"x":0.48797306418418887,"y":-0.42218661308288576,"z":0.29430702328681948,"w":0.7080562710762024},"size":59.052459716796878,"orthographic":false}