{"cameraMode":{"drawMode":0,"name":"Shaded","section":"Shading Mode"},"sceneLighting":false,"audioPlay":false,"sceneViewState":{"showFog":true,"showMaterialUpdate":false,"showSkybox":false,"showFlares":true,"showImageEffects":true,"showParticleSystems":true},"in2DMode":false,"pivot":{"x":0.003128345590084791,"y":-0.0006302520632743835,"z":0.000014688819646835327},"rotation":{"x":0.14594879746437074,"y":0.6051106452941895,"z":-0.109947569668293,"w":0.7776857018470764},"size":0.03468799591064453,"orthographic":false}