{"cameraMode":{"drawMode":0,"name":"Shaded","section":"Shading Mode"},"sceneLighting":true,"audioPlay":false,"sceneViewState":{"showFog":true,"showMaterialUpdate":false,"showSkybox":true,"showFlares":true,"showImageEffects":true,"showParticleSystems":true},"in2DMode":false,"pivot":{"x":252.6484375,"y":41.77447509765625,"z":138.58203125},"rotation":{"x":-0.3748856782913208,"y":-0.013350718654692173,"z":0.005402066744863987,"w":-0.9269748330116272},"size":780.1882934570313,"orthographic":false}