{"cameraMode":{"drawMode":0,"name":"Shaded","section":"Shading Mode"},"sceneLighting":true,"audioPlay":false,"sceneViewState":{"showFog":true,"showMaterialUpdate":false,"showSkybox":true,"showFlares":true,"showImageEffects":true,"showParticleSystems":true},"in2DMode":false,"pivot":{"x":17.827390670776368,"y":14.681092262268067,"z":-5.636114597320557},"rotation":{"x":0.2933042049407959,"y":0.6904016733169556,"z":-0.3662034571170807,"w":0.5525332093238831},"size":43.86044692993164,"orthographic":false}