{"cameraMode":{"drawMode":0,"name":"Shaded","section":"Shading Mode"},"sceneLighting":true,"audioPlay":false,"sceneViewState":{"showFog":true,"showMaterialUpdate":false,"showSkybox":true,"showFlares":true,"showImageEffects":true,"showParticleSystems":true},"in2DMode":false,"pivot":{"x":20.519023895263673,"y":13.202445983886719,"z":-8.523112297058106},"rotation":{"x":-0.5776312947273254,"y":0.16787390410900117,"z":-0.13856403529644013,"w":-0.7887547016143799},"size":35.406700134277347,"orthographic":false}