{"cameraMode":{"drawMode":0,"name":"Shaded","section":"Shading Mode"},"sceneLighting":true,"audioPlay":false,"sceneViewState":{"showFog":true,"showMaterialUpdate":false,"showSkybox":true,"showFlares":true,"showImageEffects":true,"showParticleSystems":true},"in2DMode":false,"pivot":{"x":-139.14529418945313,"y":-455.519775390625,"z":938.6453857421875},"rotation":{"x":-0.2677414119243622,"y":0.07131212204694748,"z":-0.019876865670084955,"w":-0.9606543183326721},"size":1395.248291015625,"orthographic":false}