{"cameraMode":{"drawMode":0,"name":"Shaded","section":"Shading Mode"},"sceneLighting":true,"audioPlay":false,"sceneViewState":{"showFog":true,"showMaterialUpdate":false,"showSkybox":true,"showFlares":true,"showImageEffects":true,"showParticleSystems":true},"in2DMode":false,"pivot":{"x":3.553713321685791,"y":3.810136079788208,"z":-8.132638931274414},"rotation":{"x":-0.1783551722764969,"y":0.7736907601356506,"z":-0.2439115196466446,"w":-0.5604169368743897},"size":25.476720809936525,"orthographic":false}