{"cameraMode":{"drawMode":0,"name":"Shaded","section":"Shading Mode"},"sceneLighting":true,"audioPlay":false,"sceneViewState":{"showFog":true,"showMaterialUpdate":false,"showSkybox":true,"showFlares":true,"showImageEffects":true,"showParticleSystems":true},"in2DMode":false,"pivot":{"x":0.20000004768371583,"y":8.739999771118164,"z":22.5},"rotation":{"x":0.13141237199306489,"y":0.8467250466346741,"z":-0.47990840673446658,"w":0.20046228170394898},"size":11.14625358581543,"orthographic":false}